{"DiceLoss": 0.21136812640932104, "iou_score": 1.143978676774764}